{"cameraMode":{"drawMode":0,"name":"Shaded","section":"Shading Mode"},"sceneLighting":true,"audioPlay":false,"sceneViewState":{"m_AlwaysRefresh":false,"showFog":true,"showSkybox":true,"showFlares":true,"showImageEffects":true,"showParticleSystems":true,"showVisualEffectGraphs":true,"m_FxEnabled":true},"in2DMode":false,"pivot":{"x":10.072811126708985,"y":7.860884666442871,"z":18.179351806640626},"rotation":{"x":-0.46955522894859316,"y":-0.039178453385829929,"z":0.02086583897471428,"w":-0.8817919492721558},"size":38.27791976928711,"orthographic":false}