{"cameraMode":{"drawMode":0,"name":"Shaded","section":"Shading Mode"},"sceneLighting":false,"audioPlay":false,"sceneViewState":{"m_AlwaysRefresh":false,"showFog":true,"showSkybox":false,"showFlares":true,"showImageEffects":true,"showParticleSystems":true,"showVisualEffectGraphs":true,"m_FxEnabled":true},"in2DMode":false,"pivot":{"x":0.000431060791015625,"y":-0.31249988079071047,"z":0.00096893310546875},"rotation":{"x":-0.41473695635795596,"y":-0.024019984528422357,"z":0.010954395867884159,"w":-0.9095643758773804},"size":7.077969074249268,"orthographic":false}